Workbook

Sheet Калькулятор_исх
A1: Упрощенная антифрод скоринг-карта: калькулятор клиента
A2: Инструкция: заполните только синие ячейки в колонках C и D. Все остальные поля считаются автоматически.
A4: 1. Входные события клиента за 3 / 7 / 30 дней
A5: Стадия | B5: Период | C5: Количество | D5: Сумма, рублей | E5: Score по количеству | F5: Score по сумме | G5: Базовый score | H5: Вес стадии | I5: Вес периода | J5: Итоговый score
A6: Заявка | B6: 3 дня | C6: 1 | D6: 999999 | E6: =IF(C6=0,0,IF(C6>=1,2.5,IF(C6<=3,20,IF(C6<=5,50,90)))) -> 2.5 | F6: =IF(D6<Параметры_исх!$B$4,0,IF(D6<Параметры_исх!$B$6,30,IF(D6<Параметры_исх!$B$7,70,120))) -> 0 | G6: =MAX(E6,F6) -> 2.5 | H6: =VLOOKUP(A6,Параметры_исх!$A$18:$B$21,2,FALSE) -> 1 | I6: =VLOOKUP(B6,Параметры_исх!$D$18:$E$20,2,FALSE) -> 2 | J6: =G6*H6*I6 -> 5
A7: Заявка | B7: 7 дней | C7: 0 | D7: 0 | E7: =IF(C7=0,0,IF(C7>=1,2.5,IF(C7<=3,20,IF(C7<=5,50,90)))) -> 0 | F7: =IF(D7<Параметры_исх!$B$4,0,IF(D7<Параметры_исх!$B$6,30,IF(D7<Параметры_исх!$B$7,70,120))) -> 0 | G7: =MAX(E7,F7) -> 0 | H7: =VLOOKUP(A7,Параметры_исх!$A$18:$B$21,2,FALSE) -> 1 | I7: =VLOOKUP(B7,Параметры_исх!$D$18:$E$20,2,FALSE) -> 1.5 | J7: =G7*H7*I7 -> 0
A8: Заявка | B8: 30 дней | C8: 0 | D8: 0 | E8: =IF(C8=0,0,IF(C8>=1,2.5,IF(C8<=3,20,IF(C8<=5,50,90)))) -> 0 | F8: =IF(D8<Параметры_исх!$B$4,0,IF(D8<Параметры_исх!$B$6,30,IF(D8<Параметры_исх!$B$7,70,120))) -> 0 | G8: =MAX(E8,F8) -> 0 | H8: =VLOOKUP(A8,Параметры_исх!$A$18:$B$21,2,FALSE) -> 1 | I8: =VLOOKUP(B8,Параметры_исх!$D$18:$E$20,2,FALSE) -> 1 | J8: =G8*H8*I8 -> 0
A9: Одобрение | B9: 3 дня | C9: 1 | D9: 999999 | E9: =IF(C9=0,0,IF(C9>=1,2.5,IF(C9<=3,20,IF(C9<=5,50,90)))) -> 2.5 | F9: =IF(D9<Параметры_исх!$B$4,0,IF(D9<Параметры_исх!$B$6,30,IF(D9<Параметры_исх!$B$7,70,120))) -> 0 | G9: =MAX(E9,F9) -> 2.5 | H9: =VLOOKUP(A9,Параметры_исх!$A$18:$B$21,2,FALSE) -> 2 | I9: =VLOOKUP(B9,Параметры_исх!$D$18:$E$20,2,FALSE) -> 2 | J9: =G9*H9*I9 -> 10
A10: Одобрение | B10: 7 дней | C10: 0 | D10: 0 | E10: =IF(C10=0,0,IF(C10>=1,2.5,IF(C10<=3,20,IF(C10<=5,50,90)))) -> 0 | F10: =IF(D10<Параметры_исх!$B$4,0,IF(D10<Параметры_исх!$B$6,30,IF(D10<Параметры_исх!$B$7,70,120))) -> 0 | G10: =MAX(E10,F10) -> 0 | H10: =VLOOKUP(A10,Параметры_исх!$A$18:$B$21,2,FALSE) -> 2 | I10: =VLOOKUP(B10,Параметры_исх!$D$18:$E$20,2,FALSE) -> 1.5 | J10: =G10*H10*I10 -> 0
A11: Одобрение | B11: 30 дней | C11: 0 | D11: 0 | E11: =IF(C11=0,0,IF(C11>=1,2.5,IF(C11<=3,20,IF(C11<=5,50,90)))) -> 0 | F11: =IF(D11<Параметры_исх!$B$4,0,IF(D11<Параметры_исх!$B$6,30,IF(D11<Параметры_исх!$B$7,70,120))) -> 0 | G11: =MAX(E11,F11) -> 0 | H11: =VLOOKUP(A11,Параметры_исх!$A$18:$B$21,2,FALSE) -> 2 | I11: =VLOOKUP(B11,Параметры_исх!$D$18:$E$20,2,FALSE) -> 1 | J11: =G11*H11*I11 -> 0
A12: Подписание | B12: 3 дня | C12: 1 | D12: 999999 | E12: =IF(C12=0,0,IF(C12>=1,2.5,IF(C12<=3,20,IF(C12<=5,50,90)))) -> 2.5 | F12: =IF(D12<Параметры_исх!$B$4,0,IF(D12<Параметры_исх!$B$6,30,IF(D12<Параметры_исх!$B$7,70,120))) -> 0 | G12: =MAX(E12,F12) -> 2.5 | H12: =VLOOKUP(A12,Параметры_исх!$A$18:$B$21,2,FALSE) -> 3 | I12: =VLOOKUP(B12,Параметры_исх!$D$18:$E$20,2,FALSE) -> 2 | J12: =G12*H12*I12 -> 15
A13: Подписание | B13: 7 дней | C13: 0 | D13: 0 | E13: =IF(C13=0,0,IF(C13>=1,2.5,IF(C13<=3,20,IF(C13<=5,50,90)))) -> 0 | F13: =IF(D13<Параметры_исх!$B$4,0,IF(D13<Параметры_исх!$B$6,30,IF(D13<Параметры_исх!$B$7,70,120))) -> 0 | G13: =MAX(E13,F13) -> 0 | H13: =VLOOKUP(A13,Параметры_исх!$A$18:$B$21,2,FALSE) -> 3 | I13: =VLOOKUP(B13,Параметры_исх!$D$18:$E$20,2,FALSE) -> 1.5 | J13: =G13*H13*I13 -> 0
A14: Подписание | B14: 30 дней | C14: 0 | D14: 0 | E14: =IF(C14=0,0,IF(C14>=1,2.5,IF(C14<=3,20,IF(C14<=5,50,90)))) -> 0 | F14: =IF(D14<Параметры_исх!$B$4,0,IF(D14<Параметры_исх!$B$6,30,IF(D14<Параметры_исх!$B$7,70,120))) -> 0 | G14: =MAX(E14,F14) -> 0 | H14: =VLOOKUP(A14,Параметры_исх!$A$18:$B$21,2,FALSE) -> 3 | I14: =VLOOKUP(B14,Параметры_исх!$D$18:$E$20,2,FALSE) -> 1 | J14: =G14*H14*I14 -> 0
A15: Выдача | B15: 3 дня | C15: 1 | D15: 999999 | E15: =IF(C15=0,0,IF(C15>=1,2.5,IF(C15<=3,20,IF(C15<=5,50,90)))) -> 2.5 | F15: =IF(D15<Параметры_исх!$B$4,0,IF(D15<Параметры_исх!$B$6,30,IF(D15<Параметры_исх!$B$7,70,120))) -> 0 | G15: =MAX(E15,F15) -> 2.5 | H15: =VLOOKUP(A15,Параметры_исх!$A$18:$B$21,2,FALSE) -> 5 | I15: =VLOOKUP(B15,Параметры_исх!$D$18:$E$20,2,FALSE) -> 2 | J15: =G15*H15*I15 -> 25
A16: Выдача | B16: 7 дней | C16: 0 | D16: 0 | E16: =IF(C16=0,0,IF(C16>=1,2.5,IF(C16<=3,20,IF(C16<=5,50,90)))) -> 0 | F16: =IF(D16<Параметры_исх!$B$4,0,IF(D16<Параметры_исх!$B$6,30,IF(D16<Параметры_исх!$B$7,70,120))) -> 0 | G16: =MAX(E16,F16) -> 0 | H16: =VLOOKUP(A16,Параметры_исх!$A$18:$B$21,2,FALSE) -> 5 | I16: =VLOOKUP(B16,Параметры_исх!$D$18:$E$20,2,FALSE) -> 1.5 | J16: =G16*H16*I16 -> 0
A17: Выдача | B17: 30 дней | C17: 0 | D17: 0 | E17: =IF(C17=0,0,IF(C17>=1,2.5,IF(C17<=3,20,IF(C17<=5,50,90)))) -> 0 | F17: =IF(D17<Параметры_исх!$B$4,0,IF(D17<Параметры_исх!$B$6,30,IF(D17<Параметры_исх!$B$7,70,120))) -> 0 | G17: =MAX(E17,F17) -> 0 | H17: =VLOOKUP(A17,Параметры_исх!$A$18:$B$21,2,FALSE) -> 5 | I17: =VLOOKUP(B17,Параметры_исх!$D$18:$E$20,2,FALSE) -> 1 | J17: =G17*H17*I17 -> 0
I19: Итого base score | J19: =SUM(J6:J17) -> 55
A21: 2. Правила комбинаций
A22: Правило | B22: Условие | C22: Флаг | D22: Доп. score | E22: Комментарий
A23: Есть выдача + новая заявка | B23: Выдача 30Д > 0 И Заявка 7D > 0 | C23: =IF(AND(C17>0,C7>0),1,0) -> 0 | D23: =C23*Параметры_исх!$B$25 -> 0 | E23: Риск набора новой долговой нагрузки после выдачи
A24: Есть выдача + одобрение | B24: Выдача 30Д > 0 И Одобрение 7D > 0 | C24: =IF(AND(C17>0,C10>0),1,0) -> 0 | D24: =C24*Параметры_исх!$B$26 -> 0 | E24: Клиент уже получил деньги и снова проходит к одобрению
A25: 2+ выдачи за 30 дней | B25: Выдача 30Д >= 2 | C25: =IF(C17>=2,1,0) -> 0 | D25: =C25*Параметры_исх!$B$27 -> 0 | E25: Высокий debt stacking risk
A26: Все 4 стадии за 30 дней | B26: Заявка/одобрение/подписание/выдача 30D > 0 | C26: =IF(AND(C8>0,C11>0,C14>0,C17>0),1,0) -> 0 | D26: =C26*Параметры_исх!$B$28 -> 0 | E26: Полный кредитный funnel за короткий период
A27: >7 событий за 7 дней | B27: Сумма событий 7D > 7 | C27: =IF(SUM(C7,C10,C13,C16)>7,1,0) -> 0 | D27: =C27*Параметры_исх!$B$29 -> 0 | E27: Агрессивная активность
C29: Итого доп. score | D29: =SUM(D23:D27) -> 0
A31: 3. Hard rules
A32: Hard rule | B32: Есть? | C32: Комментарий
A33: Blacklist | B33: Нет | C33: Если клиент/документ/телефон в черном списке
A34: Fraud device | B34: Нет | C34: Устройство связано с подтвержденным мошенничеством
A35: Fake document | B35: Нет | C35: Поддельный или подозрительный документ
A37: Есть hard rule? | B37: =COUNTIF(B33:B35,"Да") -> 0
A39: 4. Итоговое решение
A40: Base score | B40: =J19 -> 55
A41: Combination score | B41: =D29 -> 0
A42: Total score | B42: =B40+B41 -> 55
A43: Решение | B43: =IF(B37>0,"ОТКАЗ (hard rule)",IF(B42<80,"Стандартная заявка",IF(B42<150,"Дополнительная проверка",IF(B42<250,"Anti-Fraud Review","Отказ")))) -> Стандартная заявка
A44: Причина | B44: =IF(B37>0,"Сработало hard rule",IF(B42<80,"Низкий поведенческий риск",IF(B42<150,"Средний риск: нужна доп. проверка",IF(B42<250,"Высокий риск: ручная проверка antifraud","Критический риск: рекомендован отказ")))) -> Низкий поведенческий риск

Sheet Калькулятор
A1: Упрощенная антифрод скоринг-карта: калькулятор клиента
A2: Инструкция: заполните только синие ячейки в колонках C и D. Все остальные поля считаются автоматически.
A4: 1. Входные события клиента за 3 / 7 / 30 дней
A5: Стадия | B5: Период | C5: Количество | D5: Сумма заявок, рублей | E5: Средняя сумма события, рублей | F5: Score по количеству | G5: Score по сумме | H5: Значение базовый score | I5: Вес стадии | J5: Вес периода | K5: Итоговый score
A6: Заявка | B6: 7 дней | C6: 0 | D6: 0 | E6: =IFERROR(D6/C6,0) -> 0 | F6: =IF(C6<=Параметры!$B$13,Параметры!$C$13,IF(C6<=Параметры!$B$14,Параметры!$C$14,IF(C6<=Параметры!$B$15,Параметры!$C$15,IF(C6<=Параметры!$B$16,Параметры!$C$16,90)))) -> 0 | G6: =IF(D6<Параметры!$B$4, 0, IF(D6<Параметры!$B$5, 10, IF(D6<Параметры!$B$6, Параметры!$C$5, IF(D6<Параметры!$B$7, 30, IF(D6<Параметры!$B$8, 70, 120))))) -> 0 | H6: =MAX(F6,G6) -> 0 | I6: =VLOOKUP(A6,Параметры!$A$21:$C$24,2,FALSE) -> 1 | J6: =VLOOKUP(B6,Параметры!$E$21:$F$23,2,FALSE) -> 2 | K6: =H6*I6*J6 -> 0
A7: Заявка | B7: 14 дней | C7: 0 | D7: 0 | E7: =IFERROR(D7/C7,0) -> 0 | F7: =IF(C7<=Параметры!$B$13,Параметры!$C$13,IF(C7<=Параметры!$B$14,Параметры!$C$14,IF(C7<=Параметры!$B$15,Параметры!$C$15,IF(C7<=Параметры!$B$16,Параметры!$C$16,90)))) -> 0 | G7: =IF(D7<Параметры!$B$4, 0, IF(D7<Параметры!$B$5, 10, IF(D7<Параметры!$B$6, Параметры!$C$5, IF(D7<Параметры!$B$7, 30, IF(D7<Параметры!$B$8, 70, 120))))) -> 0 | H7: =MAX(F7,G7) -> 0 | I7: =VLOOKUP(A7,Параметры!$A$21:$C$24,2,FALSE) -> 1 | J7: =VLOOKUP(B7,Параметры!$E$21:$F$23,2,FALSE) -> 1.5 | K7: =H7*I7*J7 -> 0
A8: Заявка | B8: 30 дней | C8: 0 | D8: 0 | E8: =IFERROR(D8/C8,0) -> 0 | F8: =IF(C8<=Параметры!$B$13,Параметры!$C$13,IF(C8<=Параметры!$B$14,Параметры!$C$14,IF(C8<=Параметры!$B$15,Параметры!$C$15,IF(C8<=Параметры!$B$16,Параметры!$C$16,90)))) -> 0 | G8: =IF(D8<Параметры!$B$4, 0, IF(D8<Параметры!$B$5, 10, IF(D8<Параметры!$B$6, Параметры!$C$5, IF(D8<Параметры!$B$7, 30, IF(D8<Параметры!$B$8, 70, 120))))) -> 0 | H8: =MAX(F8,G8) -> 0 | I8: =VLOOKUP(A8,Параметры!$A$21:$C$24,2,FALSE) -> 1 | J8: =VLOOKUP(B8,Параметры!$E$21:$F$23,2,FALSE) -> 1 | K8: =H8*I8*J8 -> 0
A9: Одобрение | B9: 7 дней | C9: 0 | D9: 0 | E9: =IFERROR(D9/C9,0) -> 0 | F9: =IF(C9<=Параметры!$B$13,Параметры!$C$13,IF(C9<=Параметры!$B$14,Параметры!$C$14,IF(C9<=Параметры!$B$15,Параметры!$C$15,IF(C9<=Параметры!$B$16,Параметры!$C$16,90)))) -> 0 | G9: =IF(D9<Параметры!$B$4, 0, IF(D9<Параметры!$B$5, 10, IF(D9<Параметры!$B$6, Параметры!$C$5, IF(D9<Параметры!$B$7, 30, IF(D9<Параметры!$B$8, 70, 120))))) -> 0 | H9: =MAX(F9,G9) -> 0 | I9: =VLOOKUP(A9,Параметры!$A$21:$C$24,2,FALSE) -> 1.5 | J9: =VLOOKUP(B9,Параметры!$E$21:$F$23,2,FALSE) -> 2 | K9: =H9*I9*J9 -> 0
A10: Одобрение | B10: 14 дней | C10: 0 | D10: 0 | E10: =IFERROR(D10/C10,0) -> 0 | F10: =IF(C10<=Параметры!$B$13,Параметры!$C$13,IF(C10<=Параметры!$B$14,Параметры!$C$14,IF(C10<=Параметры!$B$15,Параметры!$C$15,IF(C10<=Параметры!$B$16,Параметры!$C$16,90)))) -> 0 | G10: =IF(D10<Параметры!$B$4, 0, IF(D10<Параметры!$B$5, 10, IF(D10<Параметры!$B$6, Параметры!$C$5, IF(D10<Параметры!$B$7, 30, IF(D10<Параметры!$B$8, 70, 120))))) -> 0 | H10: =MAX(F10,G10) -> 0 | I10: =VLOOKUP(A10,Параметры!$A$21:$C$24,2,FALSE) -> 1.5 | J10: =VLOOKUP(B10,Параметры!$E$21:$F$23,2,FALSE) -> 1.5 | K10: =H10*I10*J10 -> 0
A11: Одобрение | B11: 30 дней | C11: 0 | D11: 0 | E11: =IFERROR(D11/C11,0) -> 0 | F11: =IF(C11<=Параметры!$B$13,Параметры!$C$13,IF(C11<=Параметры!$B$14,Параметры!$C$14,IF(C11<=Параметры!$B$15,Параметры!$C$15,IF(C11<=Параметры!$B$16,Параметры!$C$16,90)))) -> 0 | G11: =IF(D11<Параметры!$B$4, 0, IF(D11<Параметры!$B$5, 10, IF(D11<Параметры!$B$6, Параметры!$C$5, IF(D11<Параметры!$B$7, 30, IF(D11<Параметры!$B$8, 70, 120))))) -> 0 | H11: =MAX(F11,G11) -> 0 | I11: =VLOOKUP(A11,Параметры!$A$21:$C$24,2,FALSE) -> 1.5 | J11: =VLOOKUP(B11,Параметры!$E$21:$F$23,2,FALSE) -> 1 | K11: =H11*I11*J11 -> 0
A12: Подписание | B12: 7 дней | C12: 0 | D12: 0 | E12: =IFERROR(D12/C12,0) -> 0 | F12: =IF(C12<=Параметры!$B$13,Параметры!$C$13,IF(C12<=Параметры!$B$14,Параметры!$C$14,IF(C12<=Параметры!$B$15,Параметры!$C$15,IF(C12<=Параметры!$B$16,Параметры!$C$16,90)))) -> 0 | G12: =IF(D12<Параметры!$B$4, 0, IF(D12<Параметры!$B$5, 10, IF(D12<Параметры!$B$6, Параметры!$C$5, IF(D12<Параметры!$B$7, 30, IF(D12<Параметры!$B$8, 70, 120))))) -> 0 | H12: =MAX(F12,G12) -> 0 | I12: =VLOOKUP(A12,Параметры!$A$21:$C$24,2,FALSE) -> 1.75 | J12: =VLOOKUP(B12,Параметры!$E$21:$F$23,2,FALSE) -> 2 | K12: =H12*I12*J12 -> 0
A13: Подписание | B13: 14 дней | C13: 0 | D13: 0 | E13: =IFERROR(D13/C13,0) -> 0 | F13: =IF(C13<=Параметры!$B$13,Параметры!$C$13,IF(C13<=Параметры!$B$14,Параметры!$C$14,IF(C13<=Параметры!$B$15,Параметры!$C$15,IF(C13<=Параметры!$B$16,Параметры!$C$16,90)))) -> 0 | G13: =IF(D13<Параметры!$B$4, 0, IF(D13<Параметры!$B$5, 10, IF(D13<Параметры!$B$6, Параметры!$C$5, IF(D13<Параметры!$B$7, 30, IF(D13<Параметры!$B$8, 70, 120))))) -> 0 | H13: =MAX(F13,G13) -> 0 | I13: =VLOOKUP(A13,Параметры!$A$21:$C$24,2,FALSE) -> 1.75 | J13: =VLOOKUP(B13,Параметры!$E$21:$F$23,2,FALSE) -> 1.5 | K13: =H13*I13*J13 -> 0
A14: Подписание | B14: 30 дней | C14: 0 | D14: 0 | E14: =IFERROR(D14/C14,0) -> 0 | F14: =IF(C14<=Параметры!$B$13,Параметры!$C$13,IF(C14<=Параметры!$B$14,Параметры!$C$14,IF(C14<=Параметры!$B$15,Параметры!$C$15,IF(C14<=Параметры!$B$16,Параметры!$C$16,90)))) -> 0 | G14: =IF(D14<Параметры!$B$4, 0, IF(D14<Параметры!$B$5, 10, IF(D14<Параметры!$B$6, Параметры!$C$5, IF(D14<Параметры!$B$7, 30, IF(D14<Параметры!$B$8, 70, 120))))) -> 0 | H14: =MAX(F14,G14) -> 0 | I14: =VLOOKUP(A14,Параметры!$A$21:$C$24,2,FALSE) -> 1.75 | J14: =VLOOKUP(B14,Параметры!$E$21:$F$23,2,FALSE) -> 1 | K14: =H14*I14*J14 -> 0
A15: Выдача | B15: 7 дней | C15: 0 | D15: 0 | E15: =IFERROR(D15/C15,0) -> 0 | F15: =IF(C15<=Параметры!$B$13,Параметры!$C$13,IF(C15<=Параметры!$B$14,Параметры!$C$14,IF(C15<=Параметры!$B$15,Параметры!$C$15,IF(C15<=Параметры!$B$16,Параметры!$C$16,90)))) -> 0 | G15: =IF(D15<Параметры!$B$4, 0, IF(D15<Параметры!$B$5, 10, IF(D15<Параметры!$B$6, Параметры!$C$5, IF(D15<Параметры!$B$7, 30, IF(D15<Параметры!$B$8, 70, 120))))) -> 0 | H15: =MAX(F15,G15) -> 0 | I15: =VLOOKUP(A15,Параметры!$A$21:$C$24,2,FALSE) -> 2 | J15: =VLOOKUP(B15,Параметры!$E$21:$F$23,2,FALSE) -> 2 | K15: =H15*I15*J15 -> 0
A16: Выдача | B16: 14 дней | C16: 0 | D16: 0 | E16: =IFERROR(D16/C16,0) -> 0 | F16: =IF(C16<=Параметры!$B$13,Параметры!$C$13,IF(C16<=Параметры!$B$14,Параметры!$C$14,IF(C16<=Параметры!$B$15,Параметры!$C$15,IF(C16<=Параметры!$B$16,Параметры!$C$16,90)))) -> 0 | G16: =IF(D16<Параметры!$B$4, 0, IF(D16<Параметры!$B$5, 10, IF(D16<Параметры!$B$6, Параметры!$C$5, IF(D16<Параметры!$B$7, 30, IF(D16<Параметры!$B$8, 70, 120))))) -> 0 | H16: =MAX(F16,G16) -> 0 | I16: =VLOOKUP(A16,Параметры!$A$21:$C$24,2,FALSE) -> 2 | J16: =VLOOKUP(B16,Параметры!$E$21:$F$23,2,FALSE) -> 1.5 | K16: =H16*I16*J16 -> 0
A17: Выдача | B17: 30 дней | C17: 0 | D17: 0 | E17: =IFERROR(D17/C17,0) -> 0 | F17: =IF(C17<=Параметры!$B$13,Параметры!$C$13,IF(C17<=Параметры!$B$14,Параметры!$C$14,IF(C17<=Параметры!$B$15,Параметры!$C$15,IF(C17<=Параметры!$B$16,Параметры!$C$16,90)))) -> 0 | G17: =IF(D17<Параметры!$B$4, 0, IF(D17<Параметры!$B$5, 10, IF(D17<Параметры!$B$6, Параметры!$C$5, IF(D17<Параметры!$B$7, 30, IF(D17<Параметры!$B$8, 70, 120))))) -> 0 | H17: =MAX(F17,G17) -> 0 | I17: =VLOOKUP(A17,Параметры!$A$21:$C$24,2,FALSE) -> 2 | J17: =VLOOKUP(B17,Параметры!$E$21:$F$23,2,FALSE) -> 1 | K17: =H17*I17*J17 -> 0
J19: Итого base score | K19: =SUM(K6:K17) -> 0
A21: 2. Правила комбинаций
A22: Правило | B22: Условие | C22: Флаг | D22: Доп. score | E22: Комментарий
A23: Есть выдача + новая заявка | B23: Выдача 14Д > 1 И Заявка 7Д > 0 | C23: =IF(AND(C16>2,C6>0),1,0) -> 0 | D23: =C23*Параметры!$B$28 -> 0 | E23: Риск набора новой долговой нагрузки после выдачи
A24: Есть выдача + одобрение | B24: Выдача 14Д > 0 И Одобрение 7Д > 0 | C24: =IF(AND(C16>2,C9>0),1,0) -> 0 | D24: =C24*Параметры!$B$28 -> 0 | E24: Клиент уже получил деньги и снова проходит к одобрению
A25: Есть выдача + новая заявка | B25: Выдача 30Д > 2 И Заявка 14Д > 0 | C25: =IF(AND(C17>2,C7>0),1,0) -> 0 | D25: =C25*Параметры!$B$28 -> 0 | E25: Риск набора новой долговой нагрузки после выдачи
A26: Есть выдача + одобрение | B26: Выдача 30Д > 0 И Одобрение 14Д> 0 | C26: =IF(AND(C17>0,C10>0),1,0) -> 0 | D26: =C26*Параметры!$B$28 -> 0 | E26: Клиент уже получил деньги и снова проходит к одобрению
A27: 2+ выдачи за 30 дней | B27: Выдача 30Д >= 2 | C27: =IF(C17>=2,1,0) -> 0 | D27: =C27*Параметры!$B$28 -> 0 | E27: Высокий debt stacking risk
A28: >15 событий за 14 дней | B28: Сумма событий 7D > 15 | C28: =IF(SUM(C7,C10,C13,C16)>15,1,0) -> 0 | D28: =C28*Параметры!$B$28 -> 0 | E28: Агрессивная активность
C30: Итого доп. score | D30: =SUM(D25:D28) -> 0
A34: 3. Итоговое решение
A35: Base score | B35: =K19 -> 0
A36: Combination score | B36: =D30 -> 0
A37: Total score | B37: =B35+B36 -> 0
A38: Решение | B38: =IF(AND(B37>=Параметры!A39, B37<=Параметры!B39), Параметры!C39, IF(AND(B37>=Параметры!A40, B37<=Параметры!B40), Параметры!C40, IF(AND(B37>=Параметры!A41, B37<=Параметры!B41), Параметры!C41, ""))) -> Стандартная заявка
A39: Причина | B39: =IF(#REF!>0,"Сработало hard rule",IF(B37<80,"Низкий поведенческий риск",IF(B37<150,"Средний риск: нужна доп. проверка",IF(B37<250,"Высокий риск: ручная проверка antifraud","Критический риск: рекомендован отказ")))) -> #REF!

Sheet Параметры
A1: Параметры модели
A3: Порог суммы, рублей | B3: Значение | C3: Балл
A4: Низкая сумма: меньше | B4: 1000000 | C4: 0
A5: Небольшая сумма: меньше | B5: 1250000 | C5: 10
A6: Средняя сумма: от | B6: 1500000 | C6: 30
A7: Высокая сумма: от | B7: 4000000 | C7: 70
A8: Очень высокая сумма: от | B8: 8000000 | C8: 120
A11: Пороги по количеству заявок на кредит | C11: Балл
A12: ОТ | B12: ДО | C12: ЗНАЧЕНИЕ
A13: 0 | B13: 0 | C13: 0
A14: 1 | B14: 4 | C14: 10
A15: 5 | B15: 7 | C15: 20
A16: 8 | B16: 10 | C16: 50
A17: 11 | B17: 100000 | C17: 90
A20: Вес стадии | B20: Вес | E20: Вес периода | F20: Вес
A21: Заявка | B21: 1 | E21: 7 дней | F21: 2
A22: Одобрение | B22: 1.5 | E22: 14 дней | F22: 1.5
A23: Подписание | B23: 1.75 | E23: 30 дней | F23: 1
A24: Выдача | B24: 2
A27: Правило комбинации | B27: Доп. score
A28: Выдача 14Д > 1 И Заявка 7Д > 1 | B28: 50
A29: Выдача 14Д > 0 И Одобрение 7Д > 0 | B29: 70
A30: Выдача 30Д > 2 И Заявка 14Д > 0 | B30: 50
A31: Выдача 30Д > 0 И Одобрение 14Д > 0 | B31: 40
A32: Выдача 30Д >= 2 | B32: 90
A33: Сумма событий 14Д > 15 | B33: 30
A37: Порог решения | C37: Решение
A38: ОТ | B38: ДО | C38: ЗНАЧЕНИЕ
A39: 0 | B39: 79 | C39: Стандартная заявка
A40: 80 | B40: 249 | C40: Проверка уровня 1
A41: 250 | B41: 1000 | C41: Проверка уровня 2

Sheet Параметры_исх
A1: Параметры модели
A3: Порог суммы, рублей | B3: Значение | C3: Балл
A4: Низкая сумма: меньше | B4: 1500000 | C4: 10
A5: Средняя сумма: от | B5: 1500000 | C5: 30
A6: Высокая сумма: от | B6: 2000000 | C6: 70
A7: Очень высокая сумма: от | B7: 8000000 | C7: 120
A10: Пороги по количеству | B10: Балл
A11: 0–1 события | B11: 10
A12: 2–3 события | B12: 20
A13: 4–5 событий | B13: 50
A14: >5 событий | B14: 90
A17: Вес стадии | B17: Вес | D17: Вес периода | E17: Вес
A18: Заявка | B18: 1 | D18: 3 дня | E18: 2
A19: Одобрение | B19: 2 | D19: 7 дней | E19: 1.5
A20: Подписание | B20: 3 | D20: 30 дней | E20: 1
A21: Выдача | B21: 5
A24: Правило комбинации | B24: Доп. score | D24: Порог решения | E24: Решение
A25: Есть выдача за 30 дней + новая заявка за 7 дней | B25: 50 | D25: 0–79 | E25: Стандартная заявка
A26: Есть выдача за 30 дней + одобрение за 7 дней | B26: 70 | D26: 80–149 | E26: Дополнительная проверка
A27: 2+ выдачи за 30 дней | B27: 100 | D27: 150–249 | E27: Anti-Fraud Review
A28: Все 4 стадии за 30 дней | B28: 120 | D28: 250+ | E28: Отказ
A29: >7 событий за 7 дней | B29: 70

Sheet Методология
A1: Методология упрощенной scorecard
A2: Раздел | B2: Описание
A3: Цель | B3: Выявление агрессивного набора кредитов по совокупности событий.
A4: Блоки | B4: Заявка, Одобрение, Подписание, Выдача.
A5: Периоды | B5: 3 дня — резкая активность; 7 дней — средний риск; 30 дней — debt риск накопления.
A6: Базовый score | B6: Для каждой строки берется MAX(score по количеству, score по сумме).
A7: Взвешивание | B7: Базовый score умножается на вес стадии и вес периода.
A8: Комбинации | B8: Добавляют риск, если клиент уже получил кредит и продолжает набирать новые заявки/одобрения.
A9: Калибровка | B9: Пороги суммы, веса и доп. score можно менять на листе «Параметры».
A10: Правила учёта | B10: В таблице Входные события клиента за 3 / 7 / 30 дней по каждому уникальному кредиту (по УИД) учитывается самое
