Workbook

Sheet Калькулятор
A1: Упрощенная антифрод скоринг-карта: калькулятор клиента
A2: Инструкция: заполните только синие ячейки в колонках C и D. Все остальные поля считаются автоматически.
A4: 1. Входные события клиента за 3 / 7 / 30 дней
A5: Стадия | B5: Период | C5: Количество | D5: Сумма, тенге | E5: Score по количеству | F5: Score по сумме | G5: Базовый score | H5: Вес стадии | I5: Вес периода | J5: Итоговый score
A6: Заявка | B6: 3 дня | C6: 0 | D6: 0 | E6: =IF(C6<=1,0,IF(C6<=3,20,IF(C6<=5,50,90))) | F6: =IF(D6<'Параметры'!$B$4,0,IF(D6<'Параметры'!$B$6,30,IF(D6<'Параметры'!$B$7,70,120))) | G6: =MAX(E6,F6) | H6: =VLOOKUP(A6,'Параметры'!$A$18:$B$21,2,FALSE) | I6: =VLOOKUP(B6,'Параметры'!$D$18:$E$20,2,FALSE) | J6: =G6*H6*I6
A7: Заявка | B7: 7 дней | C7: 0 | D7: 0 | E7: =IF(C7<=1,0,IF(C7<=3,20,IF(C7<=5,50,90))) | F7: =IF(D7<'Параметры'!$B$4,0,IF(D7<'Параметры'!$B$6,30,IF(D7<'Параметры'!$B$7,70,120))) | G7: =MAX(E7,F7) | H7: =VLOOKUP(A7,'Параметры'!$A$18:$B$21,2,FALSE) | I7: =VLOOKUP(B7,'Параметры'!$D$18:$E$20,2,FALSE) | J7: =G7*H7*I7
A8: Заявка | B8: 30 дней | C8: 0 | D8: 0 | E8: =IF(C8<=1,0,IF(C8<=3,20,IF(C8<=5,50,90))) | F8: =IF(D8<'Параметры'!$B$4,0,IF(D8<'Параметры'!$B$6,30,IF(D8<'Параметры'!$B$7,70,120))) | G8: =MAX(E8,F8) | H8: =VLOOKUP(A8,'Параметры'!$A$18:$B$21,2,FALSE) | I8: =VLOOKUP(B8,'Параметры'!$D$18:$E$20,2,FALSE) | J8: =G8*H8*I8
A9: Одобрение | B9: 3 дня | C9: 0 | D9: 0 | E9: =IF(C9<=1,0,IF(C9<=3,20,IF(C9<=5,50,90))) | F9: =IF(D9<'Параметры'!$B$4,0,IF(D9<'Параметры'!$B$6,30,IF(D9<'Параметры'!$B$7,70,120))) | G9: =MAX(E9,F9) | H9: =VLOOKUP(A9,'Параметры'!$A$18:$B$21,2,FALSE) | I9: =VLOOKUP(B9,'Параметры'!$D$18:$E$20,2,FALSE) | J9: =G9*H9*I9
A10: Одобрение | B10: 7 дней | C10: 0 | D10: 0 | E10: =IF(C10<=1,0,IF(C10<=3,20,IF(C10<=5,50,90))) | F10: =IF(D10<'Параметры'!$B$4,0,IF(D10<'Параметры'!$B$6,30,IF(D10<'Параметры'!$B$7,70,120))) | G10: =MAX(E10,F10) | H10: =VLOOKUP(A10,'Параметры'!$A$18:$B$21,2,FALSE) | I10: =VLOOKUP(B10,'Параметры'!$D$18:$E$20,2,FALSE) | J10: =G10*H10*I10
A11: Одобрение | B11: 30 дней | C11: 0 | D11: 0 | E11: =IF(C11<=1,0,IF(C11<=3,20,IF(C11<=5,50,90))) | F11: =IF(D11<'Параметры'!$B$4,0,IF(D11<'Параметры'!$B$6,30,IF(D11<'Параметры'!$B$7,70,120))) | G11: =MAX(E11,F11) | H11: =VLOOKUP(A11,'Параметры'!$A$18:$B$21,2,FALSE) | I11: =VLOOKUP(B11,'Параметры'!$D$18:$E$20,2,FALSE) | J11: =G11*H11*I11
A12: Подписание | B12: 3 дня | C12: 0 | D12: 0 | E12: =IF(C12<=1,0,IF(C12<=3,20,IF(C12<=5,50,90))) | F12: =IF(D12<'Параметры'!$B$4,0,IF(D12<'Параметры'!$B$6,30,IF(D12<'Параметры'!$B$7,70,120))) | G12: =MAX(E12,F12) | H12: =VLOOKUP(A12,'Параметры'!$A$18:$B$21,2,FALSE) | I12: =VLOOKUP(B12,'Параметры'!$D$18:$E$20,2,FALSE) | J12: =G12*H12*I12
A13: Подписание | B13: 7 дней | C13: 0 | D13: 0 | E13: =IF(C13<=1,0,IF(C13<=3,20,IF(C13<=5,50,90))) | F13: =IF(D13<'Параметры'!$B$4,0,IF(D13<'Параметры'!$B$6,30,IF(D13<'Параметры'!$B$7,70,120))) | G13: =MAX(E13,F13) | H13: =VLOOKUP(A13,'Параметры'!$A$18:$B$21,2,FALSE) | I13: =VLOOKUP(B13,'Параметры'!$D$18:$E$20,2,FALSE) | J13: =G13*H13*I13
A14: Подписание | B14: 30 дней | C14: 0 | D14: 0 | E14: =IF(C14<=1,0,IF(C14<=3,20,IF(C14<=5,50,90))) | F14: =IF(D14<'Параметры'!$B$4,0,IF(D14<'Параметры'!$B$6,30,IF(D14<'Параметры'!$B$7,70,120))) | G14: =MAX(E14,F14) | H14: =VLOOKUP(A14,'Параметры'!$A$18:$B$21,2,FALSE) | I14: =VLOOKUP(B14,'Параметры'!$D$18:$E$20,2,FALSE) | J14: =G14*H14*I14
A15: Выдача | B15: 3 дня | C15: 0 | D15: 0 | E15: =IF(C15<=1,0,IF(C15<=3,20,IF(C15<=5,50,90))) | F15: =IF(D15<'Параметры'!$B$4,0,IF(D15<'Параметры'!$B$6,30,IF(D15<'Параметры'!$B$7,70,120))) | G15: =MAX(E15,F15) | H15: =VLOOKUP(A15,'Параметры'!$A$18:$B$21,2,FALSE) | I15: =VLOOKUP(B15,'Параметры'!$D$18:$E$20,2,FALSE) | J15: =G15*H15*I15
A16: Выдача | B16: 7 дней | C16: 0 | D16: 0 | E16: =IF(C16<=1,0,IF(C16<=3,20,IF(C16<=5,50,90))) | F16: =IF(D16<'Параметры'!$B$4,0,IF(D16<'Параметры'!$B$6,30,IF(D16<'Параметры'!$B$7,70,120))) | G16: =MAX(E16,F16) | H16: =VLOOKUP(A16,'Параметры'!$A$18:$B$21,2,FALSE) | I16: =VLOOKUP(B16,'Параметры'!$D$18:$E$20,2,FALSE) | J16: =G16*H16*I16
A17: Выдача | B17: 30 дней | C17: 0 | D17: 0 | E17: =IF(C17<=1,0,IF(C17<=3,20,IF(C17<=5,50,90))) | F17: =IF(D17<'Параметры'!$B$4,0,IF(D17<'Параметры'!$B$6,30,IF(D17<'Параметры'!$B$7,70,120))) | G17: =MAX(E17,F17) | H17: =VLOOKUP(A17,'Параметры'!$A$18:$B$21,2,FALSE) | I17: =VLOOKUP(B17,'Параметры'!$D$18:$E$20,2,FALSE) | J17: =G17*H17*I17
I19: Итого base score | J19: =SUM(J6:J17)
A21: 2. Правила комбинаций
A22: Правило | B22: Условие | C22: Флаг | D22: Доп. score | E22: Комментарий
A23: Есть выдача + новая заявка | B23: Выдача 30D > 0 И Заявка 7D > 0 | C23: =IF(AND(C17>0,C7>0),1,0) | D23: =C23*'Параметры'!$B$25 | E23: Риск набора новой долговой нагрузки после выдачи
A24: Есть выдача + одобрение | B24: Выдача 30D > 0 И Одобрение 7D > 0 | C24: =IF(AND(C17>0,C10>0),1,0) | D24: =C24*'Параметры'!$B$26 | E24: Клиент уже получил деньги и снова проходит к одобрению
A25: 2+ выдачи за 30 дней | B25: Выдача 30D >= 2 | C25: =IF(C17>=2,1,0) | D25: =C25*'Параметры'!$B$27 | E25: Высокий debt stacking risk
A26: Все 4 стадии за 30 дней | B26: Заявка/одобрение/подписание/выдача 30D > 0 | C26: =IF(AND(C8>0,C11>0,C14>0,C17>0),1,0) | D26: =C26*'Параметры'!$B$28 | E26: Полный кредитный funnel за короткий период
A27: >7 событий за 7 дней | B27: Сумма событий 7D > 7 | C27: =IF(SUM(C7,C10,C13,C16)>7,1,0) | D27: =C27*'Параметры'!$B$29 | E27: Агрессивная активность
C29: Итого доп. score | D29: =SUM(D23:D27)
A31: 3. Hard rules
A32: Hard rule | B32: Есть? | C32: Комментарий
A33: Blacklist | B33: Нет | C33: Если клиент/документ/телефон в черном списке
A34: Fraud device | B34: Нет | C34: Устройство связано с подтвержденным мошенничеством
A35: Fake document | B35: Нет | C35: Поддельный или подозрительный документ
A37: Есть hard rule? | B37: =COUNTIF(B33:B35,"Да")
A39: 4. Итоговое решение
A40: Base score | B40: =J19
A41: Combination score | B41: =D29
A42: Total score | B42: =B40+B41
A43: Решение | B43: =IF(B37>0,"ОТКАЗ (hard rule)",IF(B42<80,"Стандартная заявка",IF(B42<150,"Дополнительная проверка",IF(B42<250,"Anti-Fraud Review","Отказ"))))
A44: Причина | B44: =IF(B37>0,"Сработало hard rule",IF(B42<80,"Низкий поведенческий риск",IF(B42<150,"Средний риск: нужна доп. проверка",IF(B42<250,"Высокий риск: ручная проверка antifraud","Критический риск: рекомендован отказ"))))

Sheet Параметры
A1: Параметры модели
A3: Порог суммы, тенге | B3: Значение | C3: Score
A4: Низкая сумма: меньше | B4: 500000 | C4: 0
A5: Средняя сумма: от | B5: 500000 | C5: 30
A6: Высокая сумма: от | B6: 2000000 | C6: 70
A7: Очень высокая сумма: от | B7: 5000000 | C7: 120
A10: Пороги по количеству | B10: Score
A11: 0–1 события | B11: 0
A12: 2–3 события | B12: 20
A13: 4–5 событий | B13: 50
A14: >5 событий | B14: 90
A17: Вес стадии | B17: Вес | D17: Вес периода | E17: Вес
A18: Заявка | B18: 1 | D18: 3 дня | E18: 2
A19: Одобрение | B19: 2 | D19: 7 дней | E19: 1.5
A20: Подписание | B20: 3 | D20: 30 дней | E20: 1
A21: Выдача | B21: 5
A24: Правило комбинации | B24: Доп. score | D24: Порог решения | E24: Решение
A25: Есть выдача за 30 дней + новая заявка за 7 дней | B25: 50 | D25: 0–79 | E25: Стандартная заявка
A26: Есть выдача за 30 дней + одобрение за 7 дней | B26: 70 | D26: 80–149 | E26: Дополнительная проверка
A27: 2+ выдачи за 30 дней | B27: 100 | D27: 150–249 | E27: Anti-Fraud Review
A28: Все 4 стадии за 30 дней | B28: 120 | D28: 250+ | E28: Отказ
A29: >7 событий за 7 дней | B29: 70

Sheet Методология
A1: Методология упрощенной scorecard
A2: Раздел | B2: Описание
A3: Цель | B3: Выявление credit abuse / debt stacking / агрессивного набора кредитов по совокупности событий.
A4: Блоки | B4: Заявка, Одобрение, Подписание, Выдача.
A5: Периоды | B5: 3 дня — резкая активность; 7 дней — velocity risk; 30 дней — debt stacking.
A6: Базовый score | B6: Для каждой строки берется MAX(score по количеству, score по сумме).
A7: Взвешивание | B7: Базовый score умножается на вес стадии и вес периода.
A8: Комбинации | B8: Добавляют риск, если клиент уже получил кредит и продолжает набирать новые заявки/одобрения.
A9: Hard rules | B9: Если есть blacklist, fraud device или fake document — итоговое решение сразу отказ.
A10: Калибровка | B10: Пороги суммы, веса и доп. score можно менять на листе «Параметры».
